neighborhood_id,name,latitude,longitude,daily_orders,zone
N0001,Downtown #1,17.50778,78.65737,177,Cluster-1
N0002,Market Central #2,17.222503,78.388608,51,Cluster-2
N0003,Tech Park #3,17.315005,78.609996,153,Cluster-3
N0004,Cyber City #4,17.23421,78.678871,82,Cluster-4
N0005,Financial District #5,17.163787,78.522961,186,Cluster-5
N0006,Old Quarter #6,17.577565,78.410286,46,Cluster-6
N0007,Harbor View #7,17.492397,78.676592,173,Cluster-1
N0008,Green Hills #8,17.232408,78.422934,39,Cluster-2
N0009,North Gateway #9,17.274932,78.634343,77,Cluster-3
N0010,South Port #10,17.232453,78.621472,80,Cluster-4
N0011,East End #11,17.284551,78.413142,34,Cluster-5
N0012,West Industrial #12,17.510328,78.375055,14,Cluster-6
N0013,Riverside #13,17.496094,78.746424,34,Cluster-1
N0014,Lakeview #14,17.222258,78.372946,142,Cluster-2
N0015,Metro Hub #15,17.286732,78.587973,24,Cluster-3
N0016,Airport Road #16,17.295467,78.660778,126,Cluster-4
N0017,Grand Square #17,17.217728,78.46926,171,Cluster-5
N0018,Innovation Zone #18,17.521188,78.354659,137,Cluster-6
N0019,Sunrise Colony #19,17.546388,78.655646,47,Cluster-1
N0020,Midtown #20,17.18847,78.384644,155,Cluster-2
N0021,Downtown #21,17.262118,78.636182,132,Cluster-3
N0022,Market Central #22,17.228239,78.64515,56,Cluster-4
N0023,Tech Park #23,17.211102,78.438177,23,Cluster-5
N0024,Cyber City #24,17.530954,78.405072,168,Cluster-6
N0025,Financial District #25,17.446752,78.661487,63,Cluster-1
N0026,Old Quarter #26,17.176193,78.366755,71,Cluster-2
N0027,Harbor View #27,17.21061,78.684127,36,Cluster-3
N0028,Green Hills #28,17.260615,78.640453,74,Cluster-4
N0029,North Gateway #29,17.251876,78.476603,119,Cluster-5
N0030,South Port #30,17.515903,78.382361,163,Cluster-6
N0031,East End #31,17.499368,78.73756,147,Cluster-1
N0032,West Industrial #32,17.24725,78.374508,144,Cluster-2
N0033,Riverside #33,17.243548,78.637801,94,Cluster-3
N0034,Lakeview #34,17.24969,78.639629,154,Cluster-4
N0035,Metro Hub #35,17.219602,78.522425,70,Cluster-5
N0036,Airport Road #36,17.581088,78.360746,132,Cluster-6
N0037,Grand Square #37,17.443063,78.671563,103,Cluster-1
N0038,Innovation Zone #38,17.152325,78.373629,82,Cluster-2
N0039,Sunrise Colony #39,17.275981,78.631178,18,Cluster-3
N0040,Midtown #40,17.288596,78.67203,112,Cluster-4
N0041,Downtown #41,17.258345,78.487208,98,Cluster-5
N0042,Market Central #42,17.569618,78.324292,107,Cluster-6
N0043,Tech Park #43,17.455174,78.638971,113,Cluster-1
N0044,Cyber City #44,17.216383,78.414745,44,Cluster-2
N0045,Financial District #45,17.242984,78.694853,152,Cluster-3
N0046,Old Quarter #46,17.234721,78.615866,152,Cluster-4
N0047,Harbor View #47,17.231534,78.505833,119,Cluster-5
N0048,Green Hills #48,17.515103,78.451971,142,Cluster-6
N0049,North Gateway #49,17.495936,78.745312,44,Cluster-1
N0050,South Port #50,17.236065,78.321907,83,Cluster-2
N0051,East End #51,17.247838,78.534275,159,Cluster-3
N0052,West Industrial #52,17.222442,78.707326,188,Cluster-4
N0053,Riverside #53,17.211769,78.469347,29,Cluster-5
N0054,Lakeview #54,17.534816,78.397859,84,Cluster-6
N0055,Metro Hub #55,17.45332,78.672571,187,Cluster-1
N0056,Airport Road #56,17.215775,78.392918,37,Cluster-2
N0057,Grand Square #57,17.25109,78.645668,103,Cluster-3
N0058,Innovation Zone #58,17.247853,78.675827,200,Cluster-4
N0059,Sunrise Colony #59,17.311808,78.481481,143,Cluster-5
N0060,Midtown #60,17.504363,78.420786,156,Cluster-6
N0061,Downtown #61,17.441032,78.744895,180,Cluster-1
N0062,Market Central #62,17.180493,78.386321,120,Cluster-2
N0063,Tech Park #63,17.286925,78.678563,133,Cluster-3
N0064,Cyber City #64,17.28024,78.659052,126,Cluster-4
N0065,Financial District #65,17.228537,78.505373,157,Cluster-5
N0066,Old Quarter #66,17.528084,78.345526,69,Cluster-6
N0067,Harbor View #67,17.480297,78.718327,112,Cluster-1
N0068,Green Hills #68,17.193179,78.44087,122,Cluster-2
N0069,North Gateway #69,17.275554,78.628452,28,Cluster-3
N0070,South Port #70,17.2487,78.646002,177,Cluster-4
N0071,East End #71,17.205153,78.510098,58,Cluster-5
N0072,West Industrial #72,17.493337,78.355922,53,Cluster-6
N0073,Riverside #73,17.462715,78.696033,155,Cluster-1
N0074,Lakeview #74,17.203542,78.385602,40,Cluster-2
N0075,Metro Hub #75,17.1932,78.626593,181,Cluster-3
N0076,Airport Road #76,17.2179,78.66243,158,Cluster-4
N0077,Grand Square #77,17.276289,78.522115,122,Cluster-5
N0078,Innovation Zone #78,17.531095,78.387552,140,Cluster-6
N0079,Sunrise Colony #79,17.413504,78.689069,137,Cluster-1
N0080,Midtown #80,17.209287,78.357769,49,Cluster-2
N0081,Downtown #81,17.275367,78.620215,68,Cluster-3
N0082,Market Central #82,17.280364,78.707082,138,Cluster-4
N0083,Tech Park #83,17.222616,78.546206,66,Cluster-5
N0084,Cyber City #84,17.516661,78.444518,147,Cluster-6
N0085,Financial District #85,17.448564,78.68427,42,Cluster-1
N0086,Old Quarter #86,17.194821,78.356133,63,Cluster-2
N0087,Harbor View #87,17.200442,78.604885,123,Cluster-3
N0088,Green Hills #88,17.283146,78.654475,68,Cluster-4
N0089,North Gateway #89,17.229934,78.548178,75,Cluster-5
N0090,South Port #90,17.540704,78.394747,38,Cluster-6
N0091,East End #91,17.495727,78.648718,126,Cluster-1
N0092,West Industrial #92,17.19171,78.389116,116,Cluster-2
N0093,Riverside #93,17.255536,78.594143,80,Cluster-3
N0094,Lakeview #94,17.261487,78.605796,133,Cluster-4
N0095,Metro Hub #95,17.208468,78.463026,12,Cluster-5
N0096,Airport Road #96,17.508852,78.399827,116,Cluster-6
N0097,Grand Square #97,17.524117,78.744983,127,Cluster-1
N0098,Innovation Zone #98,17.215679,78.399713,63,Cluster-2
N0099,Sunrise Colony #99,17.178947,78.675525,89,Cluster-3
N0100,Midtown #100,17.337636,78.683084,103,Cluster-4
N0101,Downtown #101,17.249655,78.51823,156,Cluster-5
N0102,Market Central #102,17.548972,78.373977,73,Cluster-6
N0103,Tech Park #103,17.452705,78.695179,158,Cluster-1
N0104,Cyber City #104,17.139077,78.314708,74,Cluster-2
N0105,Financial District #105,17.308988,78.617387,63,Cluster-3
N0106,Old Quarter #106,17.270356,78.723415,94,Cluster-4
N0107,Harbor View #107,17.284342,78.472396,40,Cluster-5
N0108,Green Hills #108,17.534768,78.326351,88,Cluster-6
N0109,North Gateway #109,17.462174,78.720227,54,Cluster-1
N0110,South Port #110,17.18845,78.279239,73,Cluster-2
N0111,East End #111,17.181947,78.604812,152,Cluster-3
N0112,West Industrial #112,17.292066,78.673794,89,Cluster-4
N0113,Riverside #113,17.246393,78.44448,159,Cluster-5
N0114,Lakeview #114,17.528496,78.285751,25,Cluster-6
N0115,Metro Hub #115,17.477874,78.725104,38,Cluster-1
N0116,Airport Road #116,17.158569,78.423314,52,Cluster-2
N0117,Grand Square #117,17.235805,78.63955,76,Cluster-3
N0118,Innovation Zone #118,17.240395,78.669942,200,Cluster-4
N0119,Sunrise Colony #119,17.295127,78.524912,191,Cluster-5
N0120,Midtown #120,17.499511,78.267822,130,Cluster-6
N0121,Downtown #121,17.497322,78.7099,155,Cluster-1
N0122,Market Central #122,17.193144,78.363184,99,Cluster-2
N0123,Tech Park #123,17.31734,78.568732,113,Cluster-3
N0124,Cyber City #124,17.217589,78.612828,14,Cluster-4
N0125,Financial District #125,17.254483,78.475575,150,Cluster-5
N0126,Old Quarter #126,17.597597,78.36969,42,Cluster-6
N0127,Harbor View #127,17.457453,78.7029,147,Cluster-1
N0128,Green Hills #128,17.161572,78.343939,17,Cluster-2
N0129,North Gateway #129,17.27994,78.616254,25,Cluster-3
N0130,South Port #130,17.279501,78.678761,64,Cluster-4
N0131,East End #131,17.245519,78.495159,200,Cluster-5
N0132,West Industrial #132,17.520311,78.383956,132,Cluster-6
N0133,Riverside #133,17.451881,78.610271,26,Cluster-1
N0134,Lakeview #134,17.19006,78.366757,116,Cluster-2
N0135,Metro Hub #135,17.212697,78.662734,63,Cluster-3
N0136,Airport Road #136,17.231803,78.602619,13,Cluster-4
N0137,Grand Square #137,17.238795,78.467953,145,Cluster-5
N0138,Innovation Zone #138,17.463503,78.380466,124,Cluster-6
N0139,Sunrise Colony #139,17.428904,78.708233,111,Cluster-1
N0140,Midtown #140,17.155759,78.419384,14,Cluster-2
N0141,Downtown #141,17.276086,78.638131,149,Cluster-3
N0142,Market Central #142,17.218593,78.699628,40,Cluster-4
N0143,Tech Park #143,17.259134,78.479387,185,Cluster-5
N0144,Cyber City #144,17.543767,78.331495,41,Cluster-6
N0145,Financial District #145,17.420842,78.678437,138,Cluster-1
N0146,Old Quarter #146,17.189824,78.399282,174,Cluster-2
N0147,Harbor View #147,17.263411,78.679574,149,Cluster-3
N0148,Green Hills #148,17.199789,78.687311,49,Cluster-4
N0149,North Gateway #149,17.24936,78.5423,119,Cluster-5
N0150,South Port #150,17.52774,78.380617,175,Cluster-6
N0151,East End #151,17.527796,78.711085,199,Cluster-1
N0152,West Industrial #152,17.208726,78.369336,120,Cluster-2
N0153,Riverside #153,17.266011,78.573666,31,Cluster-3
N0154,Lakeview #154,17.215502,78.69019,138,Cluster-4
N0155,Metro Hub #155,17.178851,78.496054,76,Cluster-5
N0156,Airport Road #156,17.523973,78.383281,115,Cluster-6
N0157,Grand Square #157,17.406193,78.607593,186,Cluster-1
N0158,Innovation Zone #158,17.226347,78.387671,129,Cluster-2
N0159,Sunrise Colony #159,17.275549,78.693335,27,Cluster-3
N0160,Midtown #160,17.25129,78.594605,24,Cluster-4
N0161,Downtown #161,17.230448,78.522611,141,Cluster-5
N0162,Market Central #162,17.508385,78.357951,88,Cluster-6
N0163,Tech Park #163,17.444695,78.73567,111,Cluster-1
N0164,Cyber City #164,17.23105,78.317367,60,Cluster-2
N0165,Financial District #165,17.328097,78.605819,107,Cluster-3
N0166,Old Quarter #166,17.316488,78.618408,149,Cluster-4
N0167,Harbor View #167,17.280168,78.471918,74,Cluster-5
N0168,Green Hills #168,17.51787,78.401375,24,Cluster-6
N0169,North Gateway #169,17.439838,78.693478,49,Cluster-1
N0170,South Port #170,17.198137,78.427226,157,Cluster-2
N0171,East End #171,17.309189,78.70294,43,Cluster-3
N0172,West Industrial #172,17.255863,78.681468,24,Cluster-4
N0173,Riverside #173,17.221427,78.464581,36,Cluster-5
N0174,Lakeview #174,17.476881,78.360754,78,Cluster-6
N0175,Metro Hub #175,17.471352,78.682676,172,Cluster-1
N0176,Airport Road #176,17.207487,78.333972,108,Cluster-2
N0177,Grand Square #177,17.322059,78.645398,129,Cluster-3
N0178,Innovation Zone #178,17.283624,78.679145,183,Cluster-4
N0179,Sunrise Colony #179,17.210597,78.480725,86,Cluster-5
N0180,Midtown #180,17.407346,78.376866,157,Cluster-6
N0181,Downtown #181,17.463414,78.72634,58,Cluster-1
N0182,Market Central #182,17.125566,78.380741,18,Cluster-2
N0183,Tech Park #183,17.250382,78.587915,115,Cluster-3
N0184,Cyber City #184,17.193541,78.623475,170,Cluster-4
N0185,Financial District #185,17.276028,78.528722,55,Cluster-5
N0186,Old Quarter #186,17.472703,78.362934,151,Cluster-6
N0187,Harbor View #187,17.482501,78.693857,63,Cluster-1
N0188,Green Hills #188,17.133918,78.361592,47,Cluster-2
N0189,North Gateway #189,17.210629,78.671363,132,Cluster-3
N0190,South Port #190,17.336453,78.664681,141,Cluster-4
N0191,East End #191,17.165961,78.522618,82,Cluster-5
N0192,West Industrial #192,17.5781,78.423167,120,Cluster-6
N0193,Riverside #193,17.471642,78.701331,35,Cluster-1
N0194,Lakeview #194,17.190659,78.409995,94,Cluster-2
N0195,Metro Hub #195,17.294233,78.60657,62,Cluster-3
N0196,Airport Road #196,17.224548,78.653999,168,Cluster-4
N0197,Grand Square #197,17.233325,78.499672,199,Cluster-5
N0198,Innovation Zone #198,17.562689,78.321209,62,Cluster-6
N0199,Sunrise Colony #199,17.498156,78.674724,200,Cluster-1
N0200,Midtown #200,17.086522,78.369022,26,Cluster-2
N0201,Downtown #201,17.251526,78.654224,151,Cluster-3
N0202,Market Central #202,17.265911,78.666273,186,Cluster-4
N0203,Tech Park #203,17.21278,78.527531,172,Cluster-5
N0204,Cyber City #204,17.499532,78.325533,179,Cluster-6
N0205,Financial District #205,17.44329,78.662219,140,Cluster-1
N0206,Old Quarter #206,17.18331,78.36722,172,Cluster-2
N0207,Harbor View #207,17.248309,78.661304,132,Cluster-3
N0208,Green Hills #208,17.273189,78.686012,78,Cluster-4
N0209,North Gateway #209,17.230541,78.468228,96,Cluster-5
N0210,South Port #210,17.515195,78.363668,152,Cluster-6
N0211,East End #211,17.495446,78.671678,192,Cluster-1
N0212,West Industrial #212,17.144953,78.352968,31,Cluster-2
N0213,Riverside #213,17.32317,78.600014,67,Cluster-3
N0214,Lakeview #214,17.200728,78.655829,195,Cluster-4
N0215,Metro Hub #215,17.303361,78.496184,62,Cluster-5
N0216,Airport Road #216,17.533639,78.311325,104,Cluster-6
N0217,Grand Square #217,17.413138,78.681849,175,Cluster-1
N0218,Innovation Zone #218,17.171229,78.397882,158,Cluster-2
N0219,Sunrise Colony #219,17.22235,78.672704,63,Cluster-3
N0220,Midtown #220,17.292918,78.609879,135,Cluster-4
N0221,Downtown #221,17.250046,78.482432,100,Cluster-5
N0222,Market Central #222,17.574083,78.377305,63,Cluster-6
N0223,Tech Park #223,17.499378,78.679144,51,Cluster-1
N0224,Cyber City #224,17.198373,78.461693,27,Cluster-2
N0225,Financial District #225,17.334149,78.572055,175,Cluster-3
N0226,Old Quarter #226,17.258584,78.675339,136,Cluster-4
N0227,Harbor View #227,17.203659,78.464539,116,Cluster-5
N0228,Green Hills #228,17.529851,78.404034,26,Cluster-6
N0229,North Gateway #229,17.48425,78.666607,54,Cluster-1
N0230,South Port #230,17.150002,78.306989,105,Cluster-2
N0231,East End #231,17.315286,78.613775,72,Cluster-3
N0232,West Industrial #232,17.21495,78.678866,108,Cluster-4
N0233,Riverside #233,17.238403,78.492044,155,Cluster-5
N0234,Lakeview #234,17.546459,78.351239,47,Cluster-6
N0235,Metro Hub #235,17.428653,78.676718,31,Cluster-1
N0236,Airport Road #236,17.18963,78.343774,199,Cluster-2
N0237,Grand Square #237,17.222256,78.595814,19,Cluster-3
N0238,Innovation Zone #238,17.273868,78.717185,167,Cluster-4
N0239,Sunrise Colony #239,17.286213,78.459227,111,Cluster-5
N0240,Midtown #240,17.498949,78.322283,90,Cluster-6
N0241,Downtown #241,17.530447,78.66421,41,Cluster-1
N0242,Market Central #242,17.186003,78.366195,195,Cluster-2
N0243,Tech Park #243,17.267014,78.595769,95,Cluster-3
N0244,Cyber City #244,17.223357,78.633117,70,Cluster-4
N0245,Financial District #245,17.158242,78.501969,21,Cluster-5
N0246,Old Quarter #246,17.549302,78.404545,189,Cluster-6
N0247,Harbor View #247,17.520684,78.716702,154,Cluster-1
N0248,Green Hills #248,17.184782,78.403494,21,Cluster-2
N0249,North Gateway #249,17.242444,78.663172,92,Cluster-3
N0250,South Port #250,17.235071,78.581394,130,Cluster-4
N0251,East End #251,17.240315,78.494894,75,Cluster-5
N0252,West Industrial #252,17.482018,78.386396,163,Cluster-6
N0253,Riverside #253,17.507598,78.639615,63,Cluster-1
N0254,Lakeview #254,17.21391,78.41537,36,Cluster-2
N0255,Metro Hub #255,17.227699,78.617935,107,Cluster-3
N0256,Airport Road #256,17.206728,78.645321,134,Cluster-4
N0257,Grand Square #257,17.239666,78.535345,178,Cluster-5
N0258,Innovation Zone #258,17.500876,78.312127,56,Cluster-6
N0259,Sunrise Colony #259,17.355261,78.657429,175,Cluster-1
N0260,Midtown #260,17.141129,78.390411,93,Cluster-2
N0261,Downtown #261,17.269192,78.576063,78,Cluster-3
N0262,Market Central #262,17.257917,78.658761,112,Cluster-4
N0263,Tech Park #263,17.23252,78.473597,31,Cluster-5
N0264,Cyber City #264,17.557124,78.390803,76,Cluster-6
N0265,Financial District #265,17.472436,78.724067,172,Cluster-1
N0266,Old Quarter #266,17.188545,78.388694,140,Cluster-2
N0267,Harbor View #267,17.27995,78.624257,47,Cluster-3
N0268,Green Hills #268,17.202901,78.731023,34,Cluster-4
N0269,North Gateway #269,17.27459,78.445085,197,Cluster-5
N0270,South Port #270,17.488767,78.330028,83,Cluster-6
N0271,East End #271,17.412265,78.69519,21,Cluster-1
N0272,West Industrial #272,17.240153,78.397789,80,Cluster-2
N0273,Riverside #273,17.31596,78.618844,157,Cluster-3
N0274,Lakeview #274,17.254424,78.632586,107,Cluster-4
N0275,Metro Hub #275,17.24218,78.531972,182,Cluster-5
N0276,Airport Road #276,17.548441,78.406389,75,Cluster-6
N0277,Grand Square #277,17.451512,78.715345,22,Cluster-1
N0278,Innovation Zone #278,17.238327,78.404248,119,Cluster-2
N0279,Sunrise Colony #279,17.212234,78.644491,76,Cluster-3
N0280,Midtown #280,17.253767,78.641904,182,Cluster-4
N0281,Downtown #281,17.205171,78.462916,20,Cluster-5
N0282,Market Central #282,17.563753,78.373906,169,Cluster-6
N0283,Tech Park #283,17.524618,78.616155,151,Cluster-1
N0284,Cyber City #284,17.202182,78.442194,181,Cluster-2
N0285,Financial District #285,17.325534,78.61442,69,Cluster-3
N0286,Old Quarter #286,17.301143,78.706552,113,Cluster-4
N0287,Harbor View #287,17.283007,78.500491,127,Cluster-5
N0288,Green Hills #288,17.558874,78.402538,31,Cluster-6
N0289,North Gateway #289,17.444666,78.583026,12,Cluster-1
N0290,South Port #290,17.227489,78.422662,156,Cluster-2
N0291,East End #291,17.28759,78.619723,154,Cluster-3
N0292,West Industrial #292,17.231252,78.609274,108,Cluster-4
N0293,Riverside #293,17.29888,78.489982,39,Cluster-5
N0294,Lakeview #294,17.553464,78.356787,118,Cluster-6
N0295,Metro Hub #295,17.383644,78.711532,15,Cluster-1
N0296,Airport Road #296,17.230702,78.452362,15,Cluster-2
N0297,Grand Square #297,17.257824,78.617372,150,Cluster-3
N0298,Innovation Zone #298,17.251203,78.629099,128,Cluster-4
N0299,Sunrise Colony #299,17.211249,78.515691,146,Cluster-5
N0300,Midtown #300,17.515658,78.350213,36,Cluster-6
N0301,Downtown #301,17.480055,78.66967,119,Cluster-1
N0302,Market Central #302,17.27247,78.373339,138,Cluster-2
N0303,Tech Park #303,17.3161,78.660191,110,Cluster-3
N0304,Cyber City #304,17.279774,78.679966,51,Cluster-4
N0305,Financial District #305,17.236588,78.493045,191,Cluster-5
N0306,Old Quarter #306,17.502422,78.382959,18,Cluster-6
N0307,Harbor View #307,17.500287,78.593028,20,Cluster-1
N0308,Green Hills #308,17.142979,78.339955,41,Cluster-2
N0309,North Gateway #309,17.284107,78.657058,179,Cluster-3
N0310,South Port #310,17.23066,78.721604,101,Cluster-4
N0311,East End #311,17.228042,78.512393,71,Cluster-5
N0312,West Industrial #312,17.55135,78.363033,75,Cluster-6
N0313,Riverside #313,17.502364,78.668289,82,Cluster-1
N0314,Lakeview #314,17.186522,78.387529,125,Cluster-2
N0315,Metro Hub #315,17.287565,78.686613,91,Cluster-3
N0316,Airport Road #316,17.218314,78.615782,77,Cluster-4
N0317,Grand Square #317,17.264597,78.415701,63,Cluster-5
N0318,Innovation Zone #318,17.524945,78.390066,158,Cluster-6
N0319,Sunrise Colony #319,17.403985,78.650992,194,Cluster-1
N0320,Midtown #320,17.176314,78.379163,154,Cluster-2
N0321,Downtown #321,17.260853,78.648639,143,Cluster-3
N0322,Market Central #322,17.269395,78.608481,111,Cluster-4
N0323,Tech Park #323,17.285187,78.482022,97,Cluster-5
N0324,Cyber City #324,17.508547,78.40962,147,Cluster-6
N0325,Financial District #325,17.446816,78.649744,77,Cluster-1
N0326,Old Quarter #326,17.120838,78.429657,109,Cluster-2
N0327,Harbor View #327,17.1983,78.585904,140,Cluster-3
N0328,Green Hills #328,17.17028,78.651846,17,Cluster-4
N0329,North Gateway #329,17.17568,78.535583,68,Cluster-5
N0330,South Port #330,17.499127,78.326276,26,Cluster-6
N0331,East End #331,17.479096,78.642481,50,Cluster-1
N0332,West Industrial #332,17.182878,78.416921,54,Cluster-2
N0333,Riverside #333,17.232836,78.620562,65,Cluster-3
N0334,Lakeview #334,17.219124,78.655069,183,Cluster-4
N0335,Metro Hub #335,17.348983,78.414608,71,Cluster-5
N0336,Airport Road #336,17.555465,78.371177,123,Cluster-6
N0337,Grand Square #337,17.441359,78.719179,183,Cluster-1
N0338,Innovation Zone #338,17.231317,78.350706,89,Cluster-2
N0339,Sunrise Colony #339,17.258048,78.61185,64,Cluster-3
N0340,Midtown #340,17.261071,78.673087,188,Cluster-4
N0341,Downtown #341,17.240838,78.508462,99,Cluster-5
N0342,Market Central #342,17.54136,78.423503,23,Cluster-6
N0343,Tech Park #343,17.435579,78.679601,33,Cluster-1
N0344,Cyber City #344,17.273489,78.360358,100,Cluster-2
N0345,Financial District #345,17.304505,78.598402,16,Cluster-3
N0346,Old Quarter #346,17.270808,78.660224,51,Cluster-4
N0347,Harbor View #347,17.255925,78.48207,99,Cluster-5
N0348,Green Hills #348,17.569046,78.367751,14,Cluster-6
N0349,North Gateway #349,17.460054,78.699477,161,Cluster-1
N0350,South Port #350,17.162483,78.298062,18,Cluster-2
N0351,East End #351,17.208372,78.607942,77,Cluster-3
N0352,West Industrial #352,17.305719,78.750065,130,Cluster-4
N0353,Riverside #353,17.194199,78.498698,39,Cluster-5
N0354,Lakeview #354,17.499513,78.378393,118,Cluster-6
N0355,Metro Hub #355,17.420786,78.695213,59,Cluster-1
N0356,Airport Road #356,17.159321,78.340077,178,Cluster-2
N0357,Grand Square #357,17.23811,78.560438,124,Cluster-3
N0358,Innovation Zone #358,17.269003,78.635193,98,Cluster-4
N0359,Sunrise Colony #359,17.29414,78.523428,144,Cluster-5
N0360,Midtown #360,17.566952,78.354357,172,Cluster-6
N0361,Downtown #361,17.512829,78.730652,25,Cluster-1
N0362,Market Central #362,17.17376,78.386487,162,Cluster-2
N0363,Tech Park #363,17.312824,78.640597,156,Cluster-3
N0364,Cyber City #364,17.220555,78.706942,98,Cluster-4
N0365,Financial District #365,17.284775,78.460354,51,Cluster-5
N0366,Old Quarter #366,17.539537,78.370441,115,Cluster-6
N0367,Harbor View #367,17.506428,78.655258,80,Cluster-1
N0368,Green Hills #368,17.234701,78.418466,75,Cluster-2
N0369,North Gateway #369,17.248451,78.614548,117,Cluster-3
N0370,South Port #370,17.204136,78.719569,157,Cluster-4
N0371,East End #371,17.207731,78.486234,119,Cluster-5
N0372,West Industrial #372,17.591477,78.399269,122,Cluster-6
N0373,Riverside #373,17.47761,78.692113,52,Cluster-1
N0374,Lakeview #374,17.180961,78.333396,137,Cluster-2
N0375,Metro Hub #375,17.28236,78.593167,170,Cluster-3
N0376,Airport Road #376,17.32202,78.607383,134,Cluster-4
N0377,Grand Square #377,17.231981,78.494666,106,Cluster-5
N0378,Innovation Zone #378,17.502677,78.371127,69,Cluster-6
N0379,Sunrise Colony #379,17.491254,78.736666,153,Cluster-1
N0380,Midtown #380,17.193682,78.384534,168,Cluster-2
N0381,Downtown #381,17.275288,78.637239,151,Cluster-3
N0382,Market Central #382,17.219964,78.667998,147,Cluster-4
N0383,Tech Park #383,17.286858,78.497892,135,Cluster-5
N0384,Cyber City #384,17.524698,78.365451,44,Cluster-6
N0385,Financial District #385,17.487548,78.698639,35,Cluster-1
N0386,Old Quarter #386,17.204605,78.372881,130,Cluster-2
N0387,Harbor View #387,17.179042,78.612281,53,Cluster-3
N0388,Green Hills #388,17.244799,78.633791,147,Cluster-4
N0389,North Gateway #389,17.266433,78.460461,17,Cluster-5
N0390,South Port #390,17.445685,78.400319,61,Cluster-6
N0391,East End #391,17.458316,78.682892,71,Cluster-1
N0392,West Industrial #392,17.125029,78.371049,25,Cluster-2
N0393,Riverside #393,17.256539,78.637364,18,Cluster-3
N0394,Lakeview #394,17.277724,78.643582,10,Cluster-4
N0395,Metro Hub #395,17.233847,78.555839,100,Cluster-5
N0396,Airport Road #396,17.518637,78.422733,150,Cluster-6
N0397,Grand Square #397,17.404485,78.676024,180,Cluster-1
N0398,Innovation Zone #398,17.231616,78.409988,166,Cluster-2
N0399,Sunrise Colony #399,17.315557,78.621318,98,Cluster-3
N0400,Midtown #400,17.250559,78.580183,148,Cluster-4
N0401,Downtown #401,17.192265,78.512621,159,Cluster-5
N0402,Market Central #402,17.501683,78.400814,31,Cluster-6
N0403,Tech Park #403,17.455582,78.702489,39,Cluster-1
N0404,Cyber City #404,17.157906,78.345456,132,Cluster-2
N0405,Financial District #405,17.299946,78.655512,36,Cluster-3
N0406,Old Quarter #406,17.245914,78.697926,112,Cluster-4
N0407,Harbor View #407,17.273487,78.535211,35,Cluster-5
N0408,Green Hills #408,17.51218,78.342042,170,Cluster-6
N0409,North Gateway #409,17.46791,78.69531,171,Cluster-1
N0410,South Port #410,17.140926,78.302421,74,Cluster-2
N0411,East End #411,17.275839,78.679666,70,Cluster-3
N0412,West Industrial #412,17.250008,78.657446,11,Cluster-4
N0413,Riverside #413,17.2483,78.500817,45,Cluster-5
N0414,Lakeview #414,17.487997,78.379515,63,Cluster-6
N0415,Metro Hub #415,17.508034,78.69712,29,Cluster-1
N0416,Airport Road #416,17.182726,78.411772,174,Cluster-2
N0417,Grand Square #417,17.283041,78.597018,170,Cluster-3
N0418,Innovation Zone #418,17.291524,78.697171,152,Cluster-4
N0419,Sunrise Colony #419,17.254021,78.510414,148,Cluster-5
N0420,Midtown #420,17.531874,78.342539,108,Cluster-6
N0421,Downtown #421,17.489095,78.684009,149,Cluster-1
N0422,Market Central #422,17.227586,78.365018,175,Cluster-2
N0423,Tech Park #423,17.234753,78.602588,185,Cluster-3
N0424,Cyber City #424,17.282463,78.665604,47,Cluster-4
N0425,Financial District #425,17.222712,78.446844,158,Cluster-5
N0426,Old Quarter #426,17.613508,78.373099,102,Cluster-6
N0427,Harbor View #427,17.444208,78.665223,99,Cluster-1
N0428,Green Hills #428,17.228914,78.37352,17,Cluster-2
N0429,North Gateway #429,17.223677,78.631203,171,Cluster-3
N0430,South Port #430,17.302985,78.712598,112,Cluster-4
N0431,East End #431,17.288323,78.468274,110,Cluster-5
N0432,West Industrial #432,17.472942,78.355407,183,Cluster-6
N0433,Riverside #433,17.451474,78.682287,129,Cluster-1
N0434,Lakeview #434,17.21985,78.363269,51,Cluster-2
N0435,Metro Hub #435,17.23415,78.594232,176,Cluster-3
N0436,Airport Road #436,17.270985,78.681654,95,Cluster-4
N0437,Grand Square #437,17.27307,78.445808,79,Cluster-5
N0438,Innovation Zone #438,17.506583,78.416281,73,Cluster-6
N0439,Sunrise Colony #439,17.480126,78.725218,191,Cluster-1
N0440,Midtown #440,17.221286,78.410563,170,Cluster-2
N0441,Downtown #441,17.239637,78.630007,198,Cluster-3
N0442,Market Central #442,17.25636,78.752513,142,Cluster-4
N0443,Tech Park #443,17.267522,78.489212,61,Cluster-5
N0444,Cyber City #444,17.529899,78.384896,102,Cluster-6
N0445,Financial District #445,17.459098,78.708787,46,Cluster-1
N0446,Old Quarter #446,17.226088,78.47383,36,Cluster-2
N0447,Harbor View #447,17.314877,78.645748,61,Cluster-3
N0448,Green Hills #448,17.223585,78.622497,114,Cluster-4
N0449,North Gateway #449,17.276609,78.537869,59,Cluster-5
N0450,South Port #450,17.576149,78.381065,80,Cluster-6
N0451,East End #451,17.467083,78.679649,88,Cluster-1
N0452,West Industrial #452,17.216955,78.308684,71,Cluster-2
N0453,Riverside #453,17.200296,78.543754,118,Cluster-3
N0454,Lakeview #454,17.229891,78.662237,58,Cluster-4
N0455,Metro Hub #455,17.28374,78.494482,183,Cluster-5
N0456,Airport Road #456,17.542198,78.364846,53,Cluster-6
N0457,Grand Square #457,17.448745,78.641948,86,Cluster-1
N0458,Innovation Zone #458,17.196345,78.382543,128,Cluster-2
N0459,Sunrise Colony #459,17.224014,78.613768,153,Cluster-3
N0460,Midtown #460,17.20763,78.635423,108,Cluster-4
N0461,Downtown #461,17.285216,78.506448,39,Cluster-5
N0462,Market Central #462,17.541908,78.334345,67,Cluster-6
N0463,Tech Park #463,17.445709,78.726692,126,Cluster-1
N0464,Cyber City #464,17.163358,78.360847,177,Cluster-2
N0465,Financial District #465,17.284626,78.677277,66,Cluster-3
N0466,Old Quarter #466,17.288635,78.674669,52,Cluster-4
N0467,Harbor View #467,17.219723,78.505917,74,Cluster-5
N0468,Green Hills #468,17.541418,78.361144,108,Cluster-6
N0469,North Gateway #469,17.457745,78.709942,170,Cluster-1
N0470,South Port #470,17.256531,78.322376,170,Cluster-2
N0471,East End #471,17.262639,78.576418,75,Cluster-3
N0472,West Industrial #472,17.247798,78.655296,120,Cluster-4
N0473,Riverside #473,17.313195,78.512566,131,Cluster-5
N0474,Lakeview #474,17.486034,78.426262,196,Cluster-6
N0475,Metro Hub #475,17.41166,78.707476,118,Cluster-1
N0476,Airport Road #476,17.251294,78.398532,199,Cluster-2
N0477,Grand Square #477,17.286845,78.654389,14,Cluster-3
N0478,Innovation Zone #478,17.241237,78.677934,24,Cluster-4
N0479,Sunrise Colony #479,17.1896,78.514636,59,Cluster-5
N0480,Midtown #480,17.500167,78.40127,52,Cluster-6
N0481,Downtown #481,17.45571,78.679335,65,Cluster-1
N0482,Market Central #482,17.180973,78.355136,73,Cluster-2
N0483,Tech Park #483,17.280973,78.625906,66,Cluster-3
N0484,Cyber City #484,17.209605,78.650818,82,Cluster-4
N0485,Financial District #485,17.236114,78.508292,97,Cluster-5
N0486,Old Quarter #486,17.531398,78.352839,200,Cluster-6
N0487,Harbor View #487,17.476457,78.764715,115,Cluster-1
N0488,Green Hills #488,17.178442,78.280908,60,Cluster-2
N0489,North Gateway #489,17.221406,78.610621,113,Cluster-3
N0490,South Port #490,17.287193,78.711728,58,Cluster-4
N0491,East End #491,17.22451,78.501058,26,Cluster-5
N0492,West Industrial #492,17.51986,78.323399,167,Cluster-6
N0493,Riverside #493,17.469032,78.695504,24,Cluster-1
N0494,Lakeview #494,17.149928,78.392371,144,Cluster-2
N0495,Metro Hub #495,17.300973,78.571481,147,Cluster-3
N0496,Airport Road #496,17.251974,78.695418,106,Cluster-4
N0497,Grand Square #497,17.277719,78.451983,99,Cluster-5
N0498,Innovation Zone #498,17.509757,78.370532,184,Cluster-6
N0499,Sunrise Colony #499,17.503177,78.754043,87,Cluster-1
N0500,Midtown #500,17.195401,78.430733,22,Cluster-2
N0501,Downtown #501,17.255031,78.621351,64,Cluster-3
N0502,Market Central #502,17.283396,78.726539,153,Cluster-4
N0503,Tech Park #503,17.307738,78.466481,32,Cluster-5
N0504,Cyber City #504,17.488138,78.43039,108,Cluster-6
N0505,Financial District #505,17.391241,78.674277,33,Cluster-1
N0506,Old Quarter #506,17.165578,78.43525,22,Cluster-2
N0507,Harbor View #507,17.26606,78.653919,75,Cluster-3
N0508,Green Hills #508,17.251564,78.65719,162,Cluster-4
N0509,North Gateway #509,17.262073,78.458354,167,Cluster-5
N0510,South Port #510,17.486729,78.353274,184,Cluster-6
N0511,East End #511,17.459029,78.655253,22,Cluster-1
N0512,West Industrial #512,17.191255,78.464645,22,Cluster-2
N0513,Riverside #513,17.25163,78.667266,122,Cluster-3
N0514,Lakeview #514,17.234551,78.709363,137,Cluster-4
N0515,Metro Hub #515,17.200973,78.525666,125,Cluster-5
N0516,Airport Road #516,17.535849,78.384231,31,Cluster-6
N0517,Grand Square #517,17.421421,78.664942,52,Cluster-1
N0518,Innovation Zone #518,17.235308,78.327638,34,Cluster-2
N0519,Sunrise Colony #519,17.246793,78.650842,51,Cluster-3
N0520,Midtown #520,17.314354,78.710752,112,Cluster-4
N0521,Downtown #521,17.289659,78.475556,151,Cluster-5
N0522,Market Central #522,17.530073,78.341767,12,Cluster-6
N0523,Tech Park #523,17.454972,78.685955,124,Cluster-1
N0524,Cyber City #524,17.160595,78.431785,26,Cluster-2
N0525,Financial District #525,17.262582,78.620644,97,Cluster-3
N0526,Old Quarter #526,17.214026,78.712369,143,Cluster-4
N0527,Harbor View #527,17.264242,78.481689,39,Cluster-5
N0528,Green Hills #528,17.480616,78.397778,80,Cluster-6
N0529,North Gateway #529,17.459819,78.716371,63,Cluster-1
N0530,South Port #530,17.187468,78.435059,190,Cluster-2
N0531,East End #531,17.258821,78.691774,92,Cluster-3
N0532,West Industrial #532,17.272948,78.616881,138,Cluster-4
N0533,Riverside #533,17.230677,78.549256,27,Cluster-5
N0534,Lakeview #534,17.532797,78.349503,116,Cluster-6
N0535,Metro Hub #535,17.468792,78.723842,28,Cluster-1
N0536,Airport Road #536,17.200412,78.37649,50,Cluster-2
N0537,Grand Square #537,17.201503,78.695497,84,Cluster-3
N0538,Innovation Zone #538,17.212471,78.705184,35,Cluster-4
N0539,Sunrise Colony #539,17.186846,78.472305,158,Cluster-5
N0540,Midtown #540,17.492775,78.400269,129,Cluster-6
N0541,Downtown #541,17.445424,78.702632,179,Cluster-1
N0542,Market Central #542,17.24856,78.38812,108,Cluster-2
N0543,Tech Park #543,17.229808,78.622569,189,Cluster-3
N0544,Cyber City #544,17.209716,78.697183,186,Cluster-4
N0545,Financial District #545,17.265914,78.503741,99,Cluster-5
N0546,Old Quarter #546,17.486038,78.288564,65,Cluster-6
N0547,Harbor View #547,17.45328,78.669881,148,Cluster-1
N0548,Green Hills #548,17.152873,78.350737,129,Cluster-2
N0549,North Gateway #549,17.247786,78.662864,195,Cluster-3
N0550,South Port #550,17.171592,78.648235,101,Cluster-4
N0551,East End #551,17.273008,78.412836,157,Cluster-5
N0552,West Industrial #552,17.51767,78.370183,43,Cluster-6
N0553,Riverside #553,17.469482,78.748454,149,Cluster-1
N0554,Lakeview #554,17.186338,78.358345,198,Cluster-2
N0555,Metro Hub #555,17.245296,78.635621,189,Cluster-3
N0556,Airport Road #556,17.212875,78.609945,80,Cluster-4
N0557,Grand Square #557,17.21301,78.48218,29,Cluster-5
N0558,Innovation Zone #558,17.581495,78.345643,56,Cluster-6
N0559,Sunrise Colony #559,17.44454,78.631368,176,Cluster-1
N0560,Midtown #560,17.234454,78.397089,62,Cluster-2
N0561,Downtown #561,17.289453,78.651357,74,Cluster-3
N0562,Market Central #562,17.220129,78.674109,128,Cluster-4
N0563,Tech Park #563,17.206661,78.509987,70,Cluster-5
N0564,Cyber City #564,17.56548,78.463638,95,Cluster-6
N0565,Financial District #565,17.434712,78.72714,80,Cluster-1
N0566,Old Quarter #566,17.218224,78.341021,163,Cluster-2
N0567,Harbor View #567,17.269718,78.684052,141,Cluster-3
N0568,Green Hills #568,17.223076,78.68267,64,Cluster-4
N0569,North Gateway #569,17.235855,78.505583,172,Cluster-5
N0570,South Port #570,17.497741,78.3724,99,Cluster-6
N0571,East End #571,17.48277,78.662193,35,Cluster-1
N0572,West Industrial #572,17.158299,78.381248,149,Cluster-2
N0573,Riverside #573,17.2435,78.635491,17,Cluster-3
N0574,Lakeview #574,17.218599,78.699321,23,Cluster-4
N0575,Metro Hub #575,17.250967,78.44106,11,Cluster-5
N0576,Airport Road #576,17.574573,78.338573,131,Cluster-6
N0577,Grand Square #577,17.453967,78.724061,175,Cluster-1
N0578,Innovation Zone #578,17.159405,78.459087,42,Cluster-2
N0579,Sunrise Colony #579,17.179302,78.528412,69,Cluster-3
N0580,Midtown #580,17.253042,78.613955,171,Cluster-4
N0581,Downtown #581,17.244278,78.461808,119,Cluster-5
N0582,Market Central #582,17.512764,78.379627,78,Cluster-6
N0583,Tech Park #583,17.469359,78.672652,99,Cluster-1
N0584,Cyber City #584,17.170623,78.375823,117,Cluster-2
N0585,Financial District #585,17.237041,78.67733,193,Cluster-3
N0586,Old Quarter #586,17.207749,78.676574,90,Cluster-4
N0587,Harbor View #587,17.253102,78.427616,98,Cluster-5
N0588,Green Hills #588,17.534565,78.41055,195,Cluster-6
N0589,North Gateway #589,17.458124,78.706625,50,Cluster-1
N0590,South Port #590,17.184985,78.389522,112,Cluster-2
N0591,East End #591,17.291186,78.628057,16,Cluster-3
N0592,West Industrial #592,17.265068,78.609692,20,Cluster-4
N0593,Riverside #593,17.244953,78.42777,27,Cluster-5
N0594,Lakeview #594,17.508721,78.344023,122,Cluster-6
N0595,Metro Hub #595,17.480416,78.666464,106,Cluster-1
N0596,Airport Road #596,17.252724,78.369224,113,Cluster-2
N0597,Grand Square #597,17.223821,78.557821,196,Cluster-3
N0598,Innovation Zone #598,17.244288,78.654237,117,Cluster-4
N0599,Sunrise Colony #599,17.268497,78.52463,175,Cluster-5
N0600,Midtown #600,17.550402,78.335315,99,Cluster-6
N0601,Downtown #601,17.42213,78.666433,132,Cluster-1
N0602,Market Central #602,17.155324,78.388523,156,Cluster-2
N0603,Tech Park #603,17.250574,78.660288,177,Cluster-3
N0604,Cyber City #604,17.22667,78.598677,26,Cluster-4
N0605,Financial District #605,17.265518,78.586835,86,Cluster-5
N0606,Old Quarter #606,17.545796,78.311997,103,Cluster-6
N0607,Harbor View #607,17.41352,78.740589,167,Cluster-1
N0608,Green Hills #608,17.182496,78.383209,138,Cluster-2
N0609,North Gateway #609,17.240904,78.670478,178,Cluster-3
N0610,South Port #610,17.25257,78.622386,146,Cluster-4
N0611,East End #611,17.223739,78.482035,175,Cluster-5
N0612,West Industrial #612,17.506627,78.396215,38,Cluster-6
N0613,Riverside #613,17.435158,78.666195,118,Cluster-1
N0614,Lakeview #614,17.245092,78.447292,133,Cluster-2
N0615,Metro Hub #615,17.327989,78.649471,23,Cluster-3
N0616,Airport Road #616,17.274702,78.637302,72,Cluster-4
N0617,Grand Square #617,17.216799,78.438158,123,Cluster-5
N0618,Innovation Zone #618,17.54085,78.395329,162,Cluster-6
N0619,Sunrise Colony #619,17.486861,78.669982,199,Cluster-1
N0620,Midtown #620,17.174027,78.418541,47,Cluster-2
N0621,Downtown #621,17.22572,78.64177,29,Cluster-3
N0622,Market Central #622,17.288539,78.686164,198,Cluster-4
N0623,Tech Park #623,17.255919,78.511609,56,Cluster-5
N0624,Cyber City #624,17.540201,78.364274,152,Cluster-6
N0625,Financial District #625,17.406954,78.613739,14,Cluster-1
N0626,Old Quarter #626,17.19699,78.375133,58,Cluster-2
N0627,Harbor View #627,17.325128,78.639584,50,Cluster-3
N0628,Green Hills #628,17.321377,78.636276,132,Cluster-4
N0629,North Gateway #629,17.292573,78.511542,51,Cluster-5
N0630,South Port #630,17.571729,78.338825,47,Cluster-6
N0631,East End #631,17.439081,78.663228,184,Cluster-1
N0632,West Industrial #632,17.241288,78.403093,98,Cluster-2
N0633,Riverside #633,17.306415,78.595325,104,Cluster-3
N0634,Lakeview #634,17.30466,78.713531,75,Cluster-4
N0635,Metro Hub #635,17.220627,78.466518,57,Cluster-5
N0636,Airport Road #636,17.522087,78.390127,131,Cluster-6
N0637,Grand Square #637,17.460112,78.705647,110,Cluster-1
N0638,Innovation Zone #638,17.146603,78.432811,169,Cluster-2
N0639,Sunrise Colony #639,17.303423,78.667194,182,Cluster-3
N0640,Midtown #640,17.209245,78.702477,49,Cluster-4
N0641,Downtown #641,17.202743,78.543863,199,Cluster-5
N0642,Market Central #642,17.479436,78.361897,92,Cluster-6
N0643,Tech Park #643,17.495595,78.643925,197,Cluster-1
N0644,Cyber City #644,17.120287,78.364596,83,Cluster-2
N0645,Financial District #645,17.244326,78.617282,151,Cluster-3
N0646,Old Quarter #646,17.249501,78.663618,178,Cluster-4
N0647,Harbor View #647,17.243162,78.460366,111,Cluster-5
N0648,Green Hills #648,17.50706,78.38404,105,Cluster-6
N0649,North Gateway #649,17.4321,78.639191,167,Cluster-1
N0650,South Port #650,17.184824,78.464928,62,Cluster-2
N0651,East End #651,17.337049,78.54672,176,Cluster-3
N0652,West Industrial #652,17.228376,78.660044,200,Cluster-4
N0653,Riverside #653,17.23578,78.489521,126,Cluster-5
N0654,Lakeview #654,17.500782,78.360407,87,Cluster-6
N0655,Metro Hub #655,17.423708,78.621513,176,Cluster-1
N0656,Airport Road #656,17.146896,78.382131,50,Cluster-2
N0657,Grand Square #657,17.282573,78.719314,64,Cluster-3
N0658,Innovation Zone #658,17.220445,78.701406,169,Cluster-4
N0659,Sunrise Colony #659,17.238458,78.478125,100,Cluster-5
N0660,Midtown #660,17.546529,78.363027,90,Cluster-6
N0661,Downtown #661,17.438103,78.654548,192,Cluster-1
N0662,Market Central #662,17.152288,78.343425,114,Cluster-2
N0663,Tech Park #663,17.276371,78.640991,41,Cluster-3
N0664,Cyber City #664,17.205301,78.611225,40,Cluster-4
N0665,Financial District #665,17.27418,78.484857,36,Cluster-5
N0666,Old Quarter #666,17.517865,78.362165,80,Cluster-6
N0667,Harbor View #667,17.460422,78.647791,172,Cluster-1
N0668,Green Hills #668,17.227218,78.422238,125,Cluster-2
N0669,North Gateway #669,17.265399,78.538448,79,Cluster-3
N0670,South Port #670,17.245981,78.667429,44,Cluster-4
N0671,East End #671,17.262731,78.509917,156,Cluster-5
N0672,West Industrial #672,17.565624,78.361169,128,Cluster-6
N0673,Riverside #673,17.382515,78.747902,153,Cluster-1
N0674,Lakeview #674,17.25586,78.404383,172,Cluster-2
N0675,Metro Hub #675,17.204734,78.664832,37,Cluster-3
N0676,Airport Road #676,17.243344,78.621639,82,Cluster-4
N0677,Grand Square #677,17.266745,78.589334,16,Cluster-5
N0678,Innovation Zone #678,17.528636,78.368434,50,Cluster-6
N0679,Sunrise Colony #679,17.427594,78.666756,43,Cluster-1
N0680,Midtown #680,17.252999,78.373094,19,Cluster-2
N0681,Downtown #681,17.241929,78.615323,51,Cluster-3
N0682,Market Central #682,17.256737,78.626559,39,Cluster-4
N0683,Tech Park #683,17.25796,78.463,26,Cluster-5
N0684,Cyber City #684,17.546459,78.431971,161,Cluster-6
N0685,Financial District #685,17.447585,78.694472,108,Cluster-1
N0686,Old Quarter #686,17.21786,78.409069,62,Cluster-2
N0687,Harbor View #687,17.279947,78.682307,88,Cluster-3
N0688,Green Hills #688,17.159608,78.661176,27,Cluster-4
N0689,North Gateway #689,17.208368,78.507582,12,Cluster-5
N0690,South Port #690,17.571837,78.378989,157,Cluster-6
N0691,East End #691,17.446813,78.704816,41,Cluster-1
N0692,West Industrial #692,17.271381,78.376215,158,Cluster-2
N0693,Riverside #693,17.256223,78.651727,145,Cluster-3
N0694,Lakeview #694,17.24196,78.702849,85,Cluster-4
N0695,Metro Hub #695,17.201289,78.473231,115,Cluster-5
N0696,Airport Road #696,17.439131,78.372564,71,Cluster-6
N0697,Grand Square #697,17.474432,78.655692,57,Cluster-1
N0698,Innovation Zone #698,17.157351,78.394123,14,Cluster-2
N0699,Sunrise Colony #699,17.357033,78.587268,199,Cluster-3
N0700,Midtown #700,17.261844,78.659356,101,Cluster-4
N0701,Downtown #701,17.152742,78.525903,17,Cluster-5
N0702,Market Central #702,17.528182,78.342151,19,Cluster-6
N0703,Tech Park #703,17.462157,78.659242,179,Cluster-1
N0704,Cyber City #704,17.235924,78.352762,199,Cluster-2
N0705,Financial District #705,17.20369,78.63237,91,Cluster-3
N0706,Old Quarter #706,17.22049,78.731016,64,Cluster-4
N0707,Harbor View #707,17.23431,78.541336,160,Cluster-5
N0708,Green Hills #708,17.519031,78.315959,176,Cluster-6
N0709,North Gateway #709,17.548774,78.658253,39,Cluster-1
N0710,South Port #710,17.1706,78.431515,159,Cluster-2
N0711,East End #711,17.305797,78.656263,26,Cluster-3
N0712,West Industrial #712,17.263709,78.73953,76,Cluster-4
N0713,Riverside #713,17.301589,78.528894,33,Cluster-5
N0714,Lakeview #714,17.531535,78.289549,172,Cluster-6
N0715,Metro Hub #715,17.480575,78.666441,99,Cluster-1
N0716,Airport Road #716,17.253184,78.380636,110,Cluster-2
N0717,Grand Square #717,17.254903,78.624881,150,Cluster-3
N0718,Innovation Zone #718,17.268209,78.656563,180,Cluster-4
N0719,Sunrise Colony #719,17.267496,78.546142,38,Cluster-5
N0720,Midtown #720,17.531593,78.400514,161,Cluster-6
N0721,Downtown #721,17.493314,78.711156,107,Cluster-1
N0722,Market Central #722,17.136578,78.358751,51,Cluster-2
N0723,Tech Park #723,17.278096,78.654116,51,Cluster-3
N0724,Cyber City #724,17.252765,78.57965,186,Cluster-4
N0725,Financial District #725,17.209139,78.421991,186,Cluster-5
N0726,Old Quarter #726,17.584844,78.313251,75,Cluster-6
N0727,Harbor View #727,17.471689,78.713476,148,Cluster-1
N0728,Green Hills #728,17.157179,78.337525,145,Cluster-2
N0729,North Gateway #729,17.256613,78.55418,172,Cluster-3
N0730,South Port #730,17.24171,78.642604,62,Cluster-4
N0731,East End #731,17.255404,78.418716,88,Cluster-5
N0732,West Industrial #732,17.546243,78.405385,77,Cluster-6
N0733,Riverside #733,17.435407,78.695836,19,Cluster-1
N0734,Lakeview #734,17.185594,78.441948,13,Cluster-2
N0735,Metro Hub #735,17.28805,78.631543,28,Cluster-3
N0736,Airport Road #736,17.184821,78.617373,111,Cluster-4
N0737,Grand Square #737,17.225072,78.462052,37,Cluster-5
N0738,Innovation Zone #738,17.500075,78.410811,60,Cluster-6
N0739,Sunrise Colony #739,17.472558,78.719322,22,Cluster-1
N0740,Midtown #740,17.188134,78.379115,27,Cluster-2
N0741,Downtown #741,17.237152,78.590634,101,Cluster-3
N0742,Market Central #742,17.250546,78.718148,15,Cluster-4
N0743,Tech Park #743,17.239244,78.520154,99,Cluster-5
N0744,Cyber City #744,17.488717,78.357186,63,Cluster-6
N0745,Financial District #745,17.465191,78.690338,90,Cluster-1
N0746,Old Quarter #746,17.185962,78.382919,139,Cluster-2
N0747,Harbor View #747,17.253325,78.652688,118,Cluster-3
N0748,Green Hills #748,17.259535,78.652207,167,Cluster-4
N0749,North Gateway #749,17.212304,78.464778,29,Cluster-5
N0750,South Port #750,17.583237,78.381173,120,Cluster-6
N0751,East End #751,17.498278,78.712117,185,Cluster-1
N0752,West Industrial #752,17.190684,78.396241,51,Cluster-2
N0753,Riverside #753,17.27584,78.579064,152,Cluster-3
N0754,Lakeview #754,17.26033,78.641802,10,Cluster-4
N0755,Metro Hub #755,17.215606,78.503214,141,Cluster-5
N0756,Airport Road #756,17.621327,78.307265,118,Cluster-6
N0757,Grand Square #757,17.39425,78.685714,20,Cluster-1
N0758,Innovation Zone #758,17.117088,78.378375,89,Cluster-2
N0759,Sunrise Colony #759,17.187748,78.650617,174,Cluster-3
N0760,Midtown #760,17.243105,78.632563,95,Cluster-4
N0761,Downtown #761,17.284168,78.499609,84,Cluster-5
N0762,Market Central #762,17.545457,78.326071,171,Cluster-6
N0763,Tech Park #763,17.478969,78.640163,54,Cluster-1
N0764,Cyber City #764,17.270855,78.417487,19,Cluster-2
N0765,Financial District #765,17.267573,78.674127,37,Cluster-3
N0766,Old Quarter #766,17.250777,78.659972,40,Cluster-4
N0767,Harbor View #767,17.246814,78.426925,189,Cluster-5
N0768,Green Hills #768,17.507789,78.377281,128,Cluster-6
N0769,North Gateway #769,17.440058,78.75853,43,Cluster-1
N0770,South Port #770,17.174613,78.39285,10,Cluster-2
N0771,East End #771,17.331037,78.663263,156,Cluster-3
N0772,West Industrial #772,17.320732,78.672402,102,Cluster-4
N0773,Riverside #773,17.188246,78.401787,13,Cluster-5
N0774,Lakeview #774,17.479413,78.376918,33,Cluster-6
N0775,Metro Hub #775,17.498782,78.718489,52,Cluster-1
N0776,Airport Road #776,17.140402,78.358696,149,Cluster-2
N0777,Grand Square #777,17.276907,78.552752,137,Cluster-3
N0778,Innovation Zone #778,17.213134,78.67449,36,Cluster-4
N0779,Sunrise Colony #779,17.247159,78.526473,128,Cluster-5
N0780,Midtown #780,17.526471,78.356792,165,Cluster-6
N0781,Downtown #781,17.433523,78.69259,182,Cluster-1
N0782,Market Central #782,17.176675,78.411205,119,Cluster-2
N0783,Tech Park #783,17.212697,78.699235,88,Cluster-3
N0784,Cyber City #784,17.219682,78.651168,181,Cluster-4
N0785,Financial District #785,17.266234,78.515916,190,Cluster-5
N0786,Old Quarter #786,17.541948,78.346366,35,Cluster-6
N0787,Harbor View #787,17.389458,78.675015,88,Cluster-1
N0788,Green Hills #788,17.211726,78.399233,58,Cluster-2
N0789,North Gateway #789,17.294184,78.620138,167,Cluster-3
N0790,South Port #790,17.216913,78.621985,116,Cluster-4
N0791,East End #791,17.261307,78.500481,164,Cluster-5
N0792,West Industrial #792,17.521155,78.365944,50,Cluster-6
N0793,Riverside #793,17.455601,78.666687,67,Cluster-1
N0794,Lakeview #794,17.210429,78.354899,100,Cluster-2
N0795,Metro Hub #795,17.314454,78.689543,70,Cluster-3
N0796,Airport Road #796,17.305648,78.711735,57,Cluster-4
N0797,Grand Square #797,17.220904,78.526999,69,Cluster-5
N0798,Innovation Zone #798,17.519613,78.373338,89,Cluster-6
N0799,Sunrise Colony #799,17.482182,78.673796,99,Cluster-1
N0800,Midtown #800,17.187283,78.410669,138,Cluster-2
N0801,Downtown #801,17.294513,78.663073,165,Cluster-3
N0802,Market Central #802,17.334378,78.744452,105,Cluster-4
N0803,Tech Park #803,17.244966,78.497723,153,Cluster-5
N0804,Cyber City #804,17.538518,78.392831,183,Cluster-6
N0805,Financial District #805,17.52283,78.656914,189,Cluster-1
N0806,Old Quarter #806,17.166188,78.379736,137,Cluster-2
N0807,Harbor View #807,17.367891,78.683173,56,Cluster-3
N0808,Green Hills #808,17.189495,78.671241,70,Cluster-4
N0809,North Gateway #809,17.177065,78.508774,177,Cluster-5
N0810,South Port #810,17.517004,78.418203,153,Cluster-6
N0811,East End #811,17.513527,78.745263,35,Cluster-1
N0812,West Industrial #812,17.200881,78.409079,64,Cluster-2
N0813,Riverside #813,17.304104,78.659759,128,Cluster-3
N0814,Lakeview #814,17.218654,78.634538,196,Cluster-4
N0815,Metro Hub #815,17.26128,78.434145,164,Cluster-5
N0816,Airport Road #816,17.583601,78.336609,26,Cluster-6
N0817,Grand Square #817,17.509983,78.675671,56,Cluster-1
N0818,Innovation Zone #818,17.134548,78.394072,93,Cluster-2
N0819,Sunrise Colony #819,17.250954,78.586389,40,Cluster-3
N0820,Midtown #820,17.284048,78.671309,63,Cluster-4
N0821,Downtown #821,17.23963,78.556567,135,Cluster-5
N0822,Market Central #822,17.471653,78.42633,132,Cluster-6
N0823,Tech Park #823,17.491751,78.697265,178,Cluster-1
N0824,Cyber City #824,17.098071,78.402839,169,Cluster-2
N0825,Financial District #825,17.249932,78.69408,51,Cluster-3
N0826,Old Quarter #826,17.243037,78.614089,194,Cluster-4
N0827,Harbor View #827,17.222132,78.47606,118,Cluster-5
N0828,Green Hills #828,17.536486,78.357968,91,Cluster-6
N0829,North Gateway #829,17.505733,78.709948,77,Cluster-1
N0830,South Port #830,17.16745,78.45429,128,Cluster-2
N0831,East End #831,17.27105,78.597607,152,Cluster-3
N0832,West Industrial #832,17.22478,78.717926,187,Cluster-4
N0833,Riverside #833,17.28788,78.525966,89,Cluster-5
N0834,Lakeview #834,17.490002,78.342001,112,Cluster-6
N0835,Metro Hub #835,17.44938,78.739911,176,Cluster-1
N0836,Airport Road #836,17.187304,78.408808,33,Cluster-2
N0837,Grand Square #837,17.20705,78.548677,41,Cluster-3
N0838,Innovation Zone #838,17.242693,78.685867,160,Cluster-4
N0839,Sunrise Colony #839,17.247166,78.507178,22,Cluster-5
N0840,Midtown #840,17.516831,78.377012,199,Cluster-6
N0841,Downtown #841,17.481529,78.669046,112,Cluster-1
N0842,Market Central #842,17.142284,78.372835,10,Cluster-2
N0843,Tech Park #843,17.306398,78.547719,53,Cluster-3
N0844,Cyber City #844,17.222581,78.66641,119,Cluster-4
N0845,Financial District #845,17.190785,78.550945,61,Cluster-5
N0846,Old Quarter #846,17.516817,78.380655,163,Cluster-6
N0847,Harbor View #847,17.438108,78.65958,54,Cluster-1
N0848,Green Hills #848,17.183186,78.366144,139,Cluster-2
N0849,North Gateway #849,17.241647,78.600355,16,Cluster-3
N0850,South Port #850,17.266068,78.61213,171,Cluster-4
N0851,East End #851,17.282443,78.506184,192,Cluster-5
N0852,West Industrial #852,17.51501,78.390721,140,Cluster-6
N0853,Riverside #853,17.419022,78.675324,146,Cluster-1
N0854,Lakeview #854,17.148344,78.380873,66,Cluster-2
N0855,Metro Hub #855,17.238268,78.591323,99,Cluster-3
N0856,Airport Road #856,17.207901,78.67689,101,Cluster-4
N0857,Grand Square #857,17.214059,78.446857,47,Cluster-5
N0858,Innovation Zone #858,17.526475,78.382276,181,Cluster-6
N0859,Sunrise Colony #859,17.460135,78.633109,181,Cluster-1
N0860,Midtown #860,17.226389,78.380635,41,Cluster-2
N0861,Downtown #861,17.310093,78.629185,38,Cluster-3
N0862,Market Central #862,17.276985,78.60474,26,Cluster-4
N0863,Tech Park #863,17.22762,78.475104,42,Cluster-5
N0864,Cyber City #864,17.584381,78.347143,58,Cluster-6
N0865,Financial District #865,17.42136,78.661284,31,Cluster-1
N0866,Old Quarter #866,17.159865,78.381515,147,Cluster-2
N0867,Harbor View #867,17.225117,78.598167,187,Cluster-3
N0868,Green Hills #868,17.270487,78.582762,20,Cluster-4
N0869,North Gateway #869,17.265602,78.526909,146,Cluster-5
N0870,South Port #870,17.556103,78.307381,159,Cluster-6
N0871,East End #871,17.412855,78.676103,138,Cluster-1
N0872,West Industrial #872,17.188274,78.325168,194,Cluster-2
N0873,Riverside #873,17.299064,78.694943,60,Cluster-3
N0874,Lakeview #874,17.222038,78.652787,55,Cluster-4
N0875,Metro Hub #875,17.303758,78.503715,16,Cluster-5
N0876,Airport Road #876,17.533462,78.375075,168,Cluster-6
N0877,Grand Square #877,17.394448,78.64378,172,Cluster-1
N0878,Innovation Zone #878,17.232987,78.340722,117,Cluster-2
N0879,Sunrise Colony #879,17.298965,78.656672,33,Cluster-3
N0880,Midtown #880,17.213355,78.693943,59,Cluster-4
N0881,Downtown #881,17.259398,78.562234,79,Cluster-5
N0882,Market Central #882,17.528717,78.374491,148,Cluster-6
N0883,Tech Park #883,17.426408,78.752426,142,Cluster-1
N0884,Cyber City #884,17.109471,78.388018,66,Cluster-2
N0885,Financial District #885,17.273964,78.649875,138,Cluster-3
N0886,Old Quarter #886,17.260882,78.663606,174,Cluster-4
N0887,Harbor View #887,17.298549,78.534713,33,Cluster-5
N0888,Green Hills #888,17.55813,78.458461,96,Cluster-6
N0889,North Gateway #889,17.441392,78.674151,172,Cluster-1
N0890,South Port #890,17.193795,78.333981,136,Cluster-2
N0891,East End #891,17.303605,78.618688,87,Cluster-3
N0892,West Industrial #892,17.248852,78.681153,160,Cluster-4
N0893,Riverside #893,17.240833,78.456632,112,Cluster-5
N0894,Lakeview #894,17.534538,78.327428,49,Cluster-6
N0895,Metro Hub #895,17.466823,78.666609,41,Cluster-1
N0896,Airport Road #896,17.207842,78.403046,18,Cluster-2
N0897,Grand Square #897,17.250771,78.656993,171,Cluster-3
N0898,Innovation Zone #898,17.269447,78.690328,126,Cluster-4
N0899,Sunrise Colony #899,17.190442,78.398587,144,Cluster-5
N0900,Midtown #900,17.520685,78.286195,88,Cluster-6
N0901,Downtown #901,17.476504,78.626067,199,Cluster-1
N0902,Market Central #902,17.202035,78.34022,29,Cluster-2
N0903,Tech Park #903,17.188957,78.560158,92,Cluster-3
N0904,Cyber City #904,17.25165,78.590564,52,Cluster-4
N0905,Financial District #905,17.262088,78.499977,12,Cluster-5
N0906,Old Quarter #906,17.573225,78.418527,130,Cluster-6
N0907,Harbor View #907,17.517359,78.638241,200,Cluster-1
N0908,Green Hills #908,17.170942,78.412186,107,Cluster-2
N0909,North Gateway #909,17.242891,78.638646,152,Cluster-3
N0910,South Port #910,17.197345,78.684688,38,Cluster-4
N0911,East End #911,17.24215,78.452157,160,Cluster-5
N0912,West Industrial #912,17.569065,78.326054,104,Cluster-6
N0913,Riverside #913,17.48598,78.72356,133,Cluster-1
N0914,Lakeview #914,17.185874,78.380464,159,Cluster-2
N0915,Metro Hub #915,17.297946,78.684397,42,Cluster-3
N0916,Airport Road #916,17.242134,78.64235,166,Cluster-4
N0917,Grand Square #917,17.200337,78.466865,185,Cluster-5
N0918,Innovation Zone #918,17.578374,78.301963,199,Cluster-6
N0919,Sunrise Colony #919,17.440433,78.629208,150,Cluster-1
N0920,Midtown #920,17.152172,78.38622,63,Cluster-2
N0921,Downtown #921,17.257159,78.617465,30,Cluster-3
N0922,Market Central #922,17.24668,78.673016,69,Cluster-4
N0923,Tech Park #923,17.184425,78.496378,15,Cluster-5
N0924,Cyber City #924,17.494402,78.343584,126,Cluster-6
N0925,Financial District #925,17.443858,78.633534,90,Cluster-1
N0926,Old Quarter #926,17.120703,78.377373,36,Cluster-2
N0927,Harbor View #927,17.275906,78.614362,32,Cluster-3
N0928,Green Hills #928,17.195244,78.678025,101,Cluster-4
N0929,North Gateway #929,17.283764,78.487555,186,Cluster-5
N0930,South Port #930,17.583614,78.356194,63,Cluster-6
N0931,East End #931,17.474185,78.676234,185,Cluster-1
N0932,West Industrial #932,17.214234,78.399822,114,Cluster-2
N0933,Riverside #933,17.292951,78.639428,100,Cluster-3
N0934,Lakeview #934,17.277009,78.700006,164,Cluster-4
N0935,Metro Hub #935,17.234064,78.476421,140,Cluster-5
N0936,Airport Road #936,17.455589,78.410282,139,Cluster-6
N0937,Grand Square #937,17.475432,78.648577,25,Cluster-1
N0938,Innovation Zone #938,17.206726,78.44707,159,Cluster-2
N0939,Sunrise Colony #939,17.281823,78.660477,41,Cluster-3
N0940,Midtown #940,17.283713,78.682916,102,Cluster-4
N0941,Downtown #941,17.280701,78.471738,168,Cluster-5
N0942,Market Central #942,17.517018,78.313324,155,Cluster-6
N0943,Tech Park #943,17.454609,78.675118,145,Cluster-1
N0944,Cyber City #944,17.171815,78.373219,155,Cluster-2
N0945,Financial District #945,17.201074,78.631898,106,Cluster-3
N0946,Old Quarter #946,17.280789,78.699334,106,Cluster-4
N0947,Harbor View #947,17.238239,78.519605,139,Cluster-5
N0948,Green Hills #948,17.515688,78.391488,76,Cluster-6
N0949,North Gateway #949,17.481003,78.678427,77,Cluster-1
N0950,South Port #950,17.123524,78.304624,84,Cluster-2
N0951,East End #951,17.28066,78.597999,178,Cluster-3
N0952,West Industrial #952,17.270583,78.739536,100,Cluster-4
N0953,Riverside #953,17.268715,78.48455,32,Cluster-5
N0954,Lakeview #954,17.557727,78.426938,143,Cluster-6
N0955,Metro Hub #955,17.464669,78.726478,128,Cluster-1
N0956,Airport Road #956,17.196481,78.401198,124,Cluster-2
N0957,Grand Square #957,17.22374,78.625252,27,Cluster-3
N0958,Innovation Zone #958,17.21751,78.655706,154,Cluster-4
N0959,Sunrise Colony #959,17.21737,78.520085,73,Cluster-5
N0960,Midtown #960,17.48582,78.342782,198,Cluster-6
N0961,Downtown #961,17.475779,78.669028,135,Cluster-1
N0962,Market Central #962,17.165478,78.427651,121,Cluster-2
N0963,Tech Park #963,17.250597,78.68586,151,Cluster-3
N0964,Cyber City #964,17.208744,78.560659,195,Cluster-4
N0965,Financial District #965,17.243536,78.496984,66,Cluster-5
N0966,Old Quarter #966,17.57653,78.332879,174,Cluster-6
N0967,Harbor View #967,17.471934,78.642387,33,Cluster-1
N0968,Green Hills #968,17.200768,78.41933,155,Cluster-2
N0969,North Gateway #969,17.269336,78.60572,142,Cluster-3
N0970,South Port #970,17.255769,78.719743,165,Cluster-4
N0971,East End #971,17.272425,78.471327,165,Cluster-5
N0972,West Industrial #972,17.477876,78.370219,24,Cluster-6
N0973,Riverside #973,17.49524,78.69131,157,Cluster-1
N0974,Lakeview #974,17.159698,78.352146,52,Cluster-2
N0975,Metro Hub #975,17.28528,78.630459,78,Cluster-3
N0976,Airport Road #976,17.202241,78.637821,155,Cluster-4
N0977,Grand Square #977,17.259758,78.507495,182,Cluster-5
N0978,Innovation Zone #978,17.506342,78.386972,124,Cluster-6
N0979,Sunrise Colony #979,17.454363,78.638103,123,Cluster-1
N0980,Midtown #980,17.218998,78.373204,48,Cluster-2
N0981,Downtown #981,17.245258,78.702287,112,Cluster-3
N0982,Market Central #982,17.287957,78.678488,153,Cluster-4
N0983,Tech Park #983,17.192637,78.523115,181,Cluster-5
N0984,Cyber City #984,17.522872,78.348608,92,Cluster-6
N0985,Financial District #985,17.400997,78.747821,138,Cluster-1
N0986,Old Quarter #986,17.14054,78.43573,67,Cluster-2
N0987,Harbor View #987,17.265528,78.595603,195,Cluster-3
N0988,Green Hills #988,17.26616,78.636064,193,Cluster-4
N0989,North Gateway #989,17.210754,78.487166,118,Cluster-5
N0990,South Port #990,17.510463,78.33417,138,Cluster-6
N0991,East End #991,17.468116,78.700102,190,Cluster-1
N0992,West Industrial #992,17.22276,78.350313,43,Cluster-2
N0993,Riverside #993,17.251332,78.585547,108,Cluster-3
N0994,Lakeview #994,17.288716,78.711125,51,Cluster-4
N0995,Metro Hub #995,17.22791,78.54776,126,Cluster-5
N0996,Airport Road #996,17.502716,78.343722,155,Cluster-6
N0997,Grand Square #997,17.444528,78.680514,128,Cluster-1
N0998,Innovation Zone #998,17.196916,78.370754,14,Cluster-2
N0999,Sunrise Colony #999,17.279487,78.651755,29,Cluster-3
N1000,Midtown #1000,17.300373,78.641182,167,Cluster-4
